{"cameraMode":{"drawMode":0,"name":"Shaded","section":"Shading Mode"},"sceneLighting":true,"audioPlay":false,"sceneViewState":{"showFog":false,"showMaterialUpdate":false,"showSkybox":false,"showFlares":false,"showImageEffects":false,"showParticleSystems":false},"in2DMode":false,"pivot":{"x":0.12000000476837158,"y":1.0500000715255738,"z":1.630000114440918},"rotation":{"x":0.2623775005340576,"y":-0.14266133308410645,"z":0.039256345480680469,"w":0.9536039233207703},"size":3.50392484664917,"orthographic":false}