{"cameraMode":{"drawMode":0,"name":"Shaded","section":"Shading Mode"},"sceneLighting":false,"audioPlay":false,"sceneViewState":{"showFog":true,"showMaterialUpdate":false,"showSkybox":false,"showFlares":true,"showImageEffects":true,"showParticleSystems":true},"in2DMode":false,"pivot":{"x":-3.680112838745117,"y":-1.5743600130081177,"z":1.7001123428344727},"rotation":{"x":-0.22065573930740357,"y":0.42119473218917849,"z":-0.10642808675765991,"w":-0.8732602596282959},"size":11.750842094421387,"orthographic":false}