{"cameraMode":{"drawMode":0,"name":"Shaded","section":"Shading Mode"},"sceneLighting":false,"audioPlay":false,"sceneViewState":{"showFog":true,"showMaterialUpdate":false,"showSkybox":false,"showFlares":true,"showImageEffects":true,"showParticleSystems":true},"in2DMode":false,"pivot":{"x":-0.45516014099121096,"y":-2.773721218109131,"z":-29.304302215576173},"rotation":{"x":-0.34644460678100588,"y":0.24728718400001527,"z":-0.09524507820606232,"w":-0.8999054431915283},"size":7.124002456665039,"orthographic":false}