{"cameraMode":{"drawMode":0,"name":"Shaded","section":"Shading Mode"},"sceneLighting":false,"audioPlay":false,"sceneViewState":{"showFog":true,"showMaterialUpdate":false,"showSkybox":false,"showFlares":true,"showImageEffects":true,"showParticleSystems":true},"in2DMode":false,"pivot":{"x":0.0,"y":2.8028202056884767,"z":6.130000114440918},"rotation":{"x":0.5225377678871155,"y":-0.04067837819457054,"z":0.024902351200580598,"w":0.8513256311416626},"size":6.903379917144775,"orthographic":false}