{"cameraMode":{"drawMode":0,"name":"Shaded","section":"Shading Mode"},"sceneLighting":false,"audioPlay":false,"sceneViewState":{"showFog":true,"showMaterialUpdate":false,"showSkybox":false,"showFlares":true,"showImageEffects":true,"showParticleSystems":true},"in2DMode":false,"pivot":{"x":-1.9860506057739258,"y":-0.18323448300361634,"z":-0.33728885650634768},"rotation":{"x":0.18751415610313416,"y":-0.36418551206588747,"z":0.07511280477046967,"w":0.9091622233390808},"size":5.707566261291504,"orthographic":false}