{"cameraMode":{"drawMode":0,"name":"Shaded","section":"Shading Mode"},"sceneLighting":false,"audioPlay":false,"sceneViewState":{"showFog":true,"showMaterialUpdate":false,"showSkybox":false,"showFlares":true,"showImageEffects":true,"showParticleSystems":true},"in2DMode":false,"pivot":{"x":3.8874473571777345,"y":-3.874919891357422,"z":6.049282073974609},"rotation":{"x":-0.34714484214782717,"y":0.22711507976055146,"z":-0.08706806600093842,"w":-0.9057577252388},"size":101.462646484375,"orthographic":false}