{"cameraMode":{"drawMode":0,"name":"Shaded","section":"Shading Mode"},"sceneLighting":false,"audioPlay":false,"sceneViewState":{"showFog":true,"showMaterialUpdate":false,"showSkybox":false,"showFlares":true,"showImageEffects":true,"showParticleSystems":true},"in2DMode":false,"pivot":{"x":-0.3352910578250885,"y":0.14596907794475556,"z":1.4961479902267457},"rotation":{"x":-0.21389423310756684,"y":0.23668071627616883,"z":-0.05350186303257942,"w":-0.9462445974349976},"size":6.343258380889893,"orthographic":false}